class,x1,x2,x3,x4,x5
0,1014,615,637,460,164
0,306,463,821,802,904
0,299,571,861,296,472
0,848,637,451,947,5
0,152,458,244,178,624
0,273,461,335,20,305
0,223,306,614,198,61
0,930,761,425,55,547
0,828,386,55,747,751
0,845,515,251,1000,262
0,537,848,1003,801,150
0,366,61,326,17,304
0,944,399,259,423,108
0,819,52,916,430,645
0,387,595,760,677,252
0,999,890,425,903,18
0,488,144,705,1014,901
0,108,683,576,854,856
0,419,590,606,859,218
0,2,89,632,742,360
0,809,32,324,12,31
0,777,390,640,75,46
0,728,253,663,37,594
0,572,1000,214,923,444
0,248,771,896,1005,817
0,639,887,809,158,35
0,398,318,989,658,304
0,21,677,15,187,303
0,157,408,230,267,547
0,190,962,685,724,283
0,19,590,315,409,602
0,79,599,980,107,753
0,252,739,712,672,377
0,80,731,445,791,731
0,900,271,821,693,57
0,55,344,819,116,16
0,753,648,902,532,441
0,565,749,172,717,827
0,976,593,297,857,145
0,591,823,439,78,366
0,168,540,393,887,366
0,1022,641,266,144,983
0,673,305,567,865,599
0,1014,751,256,997,652
0,704,790,919,334,732
0,438,349,98,147,941
0,969,631,236,334,154
0,727,224,679,886,533
0,347,517,259,537,857
0,622,761,495,641,50
0,866,993,838,42,661
0,402,530,642,652,917
0,267,735,1018,672,180
0,456,330,996,8,296
0,689,334,746,127,168
0,655,459,1019,252,73
0,615,886,397,267,44
0,184,386,472,576,624
0,572,154,278,61,57
0,97,599,31,735,694
0,762,194,594,541,651
0,1014,274,260,706,329
0,915,926,165,37,665
0,213,731,438,768,400
0,210,671,88,134,605
0,512,375,235,996,262
0,633,986,781,1014,648
0,821,89,317,919,578
0,373,985,271,576,355
0,825,755,195,936,598
0,565,260,825,881,640
0,633,292,939,409,35
0,601,645,675,547,547
0,723,11,674,851,761
0,944,719,640,702,723
0,252,307,9,231,520
0,0,606,939,187,363
0,593,1009,916,143,756
0,104,184,338,768,204
0,435,825,662,390,652
0,913,924,736,802,601
0,427,815,935,851,973
0,274,234,505,262,987
0,146,542,215,417,555
0,78,759,212,9,18
0,315,822,571,90,951
0,827,846,826,687,953
0,147,135,687,702,840
0,207,331,537,1000,411
0,796,874,549,82,873
0,689,654,960,826,5
0,942,533,772,380,51
0,415,348,657,471,617
0,168,986,378,708,462
0,829,286,742,808,1013
0,3,917,916,349,103
0,998,757,10,711,128
0,506,148,641,831,779
0,194,746,433,278,435
0,671,183,573,405,342
0,506,38,808,851,296
0,419,463,989,999,611
0,12,497,819,146,71
0,439,855,503,936,545
0,125,730,477,800,900
0,631,567,190,102,38
0,398,882,411,343,415
0,932,283,870,417,111
0,808,790,991,418,921
0,289,15,989,900,802
0,830,539,169,589,957
0,402,601,5,915,92
0,358,23,996,451,626
0,118,518,987,593,211
0,995,506,739,883,92
0,776,446,682,259,550
0,280,846,143,747,849
0,55,436,596,734,54
0,939,541,294,490,925
0,579,698,753,397,613
0,305,222,634,3,302
0,670,998,728,304,774
0,298,344,821,330,767
0,686,615,151,786,314
0,39,571,112,599,979
0,262,291,499,783,873
0,459,865,734,749,992
0,800,883,880,158,353
0,341,104,89,856,613
0,650,623,577,295,990
0,297,70,675,43,293
0,472,774,595,577,668
0,464,850,753,516,23
0,1014,19,232,630,731
0,415,168,719,613,1003
0,537,515,466,620,490
0,939,280,88,709,593
0,655,83,1021,385,23
0,445,815,733,780,197
0,597,746,576,818,666
0,809,474,312,821,766
0,358,558,589,709,245
0,911,757,9,756,159
0,579,946,429,301,53
0,493,650,685,229,314
0,931,949,760,738,137
0,133,37,752,786,983
0,492,593,393,426,463
0,233,3,896,756,103
0,995,471,534,917,262
0,272,390,901,807,1012
0,299,651,165,667,168
0,589,324,421,194,964
0,944,743,1022,781,255
0,141,939,975,554,446
0,278,1002,115,828,482
0,806,637,872,672,342
0,176,940,616,548,46
0,448,883,806,12,817
0,525,1005,472,800,993
0,107,423,499,693,439
0,118,140,774,857,759
0,400,654,996,276,290
0,594,34,389,823,967
0,342,311,544,576,694
0,462,306,589,440,839
0,287,234,719,1006,946
0,694,29,1021,259,753
0,904,978,9,395,904
0,242,23,933,499,360
0,0,583,251,914,623
0,912,950,797,898,225
0,579,232,259,158,81
0,104,557,261,776,151
0,764,57,430,445,779
0,548,104,991,330,776
0,289,628,439,702,296
0,1012,891,33,652,753
0,2,886,429,211,296
0,753,797,38,827,360
0,136,900,672,451,26
0,700,128,901,772,930
0,274,531,475,851,73
0,740,106,410,866,253
0,779,61,544,700,54
0,393,197,469,980,190
0,806,749,953,325,169
0,687,38,199,330,685
0,261,52,398,514,723
0,445,434,591,1005,473
0,207,433,24,901,115
0,214,182,445,724,7
0,332,334,229,483,159
0,1015,70,872,989,630
0,618,374,159,160,28
0,199,47,45,851,771
0,261,24,812,793,715
0,939,587,984,410,693
0,702,583,893,485,246
0,1015,610,476,856,14
0,687,330,571,244,613
0,388,356,377,876,334
0,317,420,171,843,151
0,1022,404,538,344,570
0,162,610,80,996,334
0,41,514,896,996,589
0,448,800,724,392,220
0,104,282,127,319,524
0,942,589,126,590,616
0,598,359,659,35,1011
0,99,291,214,777,126
0,655,732,1020,261,916
0,48,287,290,132,261
0,655,10,482,981,441
0,473,458,122,847,94
0,261,903,171,76,1023
0,476,616,848,589,454
0,427,897,599,996,138
0,878,89,896,989,494
0,622,711,480,614,578
0,311,663,535,812,184
0,995,419,3,938,769
0,104,534,819,275,977
0,679,564,163,291,834
0,994,481,447,826,435
0,658,104,745,910,398
0,212,973,362,413,195
0,180,487,707,815,460
0,347,212,45,670,24
0,280,757,486,658,209
0,340,233,942,756,1022
0,393,224,396,75,446
0,482,947,184,439,114
0,39,407,732,821,774
0,687,614,211,708,594
0,876,461,832,442,282
0,24,1013,787,402,779
0,661,745,136,637,82
0,912,601,157,211,779
0,445,432,88,343,623
0,242,1006,682,745,687
0,646,483,354,73,64
0,694,962,250,614,647
0,207,237,663,777,830
0,358,57,595,530,276
0,387,731,987,642,771
0,730,891,480,42,44
0,256,530,107,859,117
0,215,387,390,37,686
0,579,24,47,994,169
0,615,150,872,491,306
0,252,162,145,756,946
0,122,305,1015,648,151
0,289,519,102,23,746
0,952,666,451,614,67
0,571,131,430,788,1017
0,488,237,425,273,440
0,589,305,775,857,747
0,919,745,556,287,334
0,808,410,496,629,756
0,255,962,743,84,510
0,878,980,689,520,114
0,985,11,10,156,869
0,363,784,86,915,668
0,682,112,589,418,591
0,160,753,798,522,546
0,1,488,939,941,550
0,806,388,20,395,384
0,371,506,168,474,224
0,911,130,803,38,687
0,1014,733,273,903,64
0,359,874,583,843,29
0,167,491,411,702,990
0,874,696,69,688,710
0,947,762,746,40,221
0,157,1000,851,1017,887
0,252,997,333,109,115
0,41,373,716,672,209
0,827,800,127,324,816
0,550,148,415,901,756
0,661,274,419,826,463
0,973,896,214,1020,134
0,658,405,957,96,141
0,318,287,752,823,521
0,939,17,503,402,741
0,262,950,507,903,704
0,210,617,919,762,814
0,448,771,631,79,817
0,133,765,72,1014,821
0,367,278,281,418,367
0,572,216,350,925,782
0,444,49,606,366,857
0,771,607,594,964,665
0,146,751,896,409,76
0,643,499,145,228,528
0,601,753,124,402,652
0,78,433,585,355,584
0,654,800,712,381,647
0,321,897,619,681,338
0,211,446,903,195,635
0,226,649,495,856,262
0,973,830,192,837,992
0,899,747,38,489,640
0,257,52,439,730,616
0,866,293,988,738,656
0,55,559,421,43,106
0,334,946,414,54,53
0,289,289,754,859,31
0,579,599,601,824,977
0,991,683,361,124,893
0,416,458,745,780,18
0,2,683,52,925,428
0,391,579,648,775,979
0,521,620,542,816,714
0,532,513,609,84,444
0,455,233,594,737,387
0,106,224,769,614,281
0,966,169,653,113,710
0,727,652,582,334,296
0,732,280,588,648,420
0,579,185,156,471,990
0,241,184,159,938,83
0,98,980,337,144,82
0,874,885,952,847,687
0,223,771,826,12,257
0,461,179,736,84,848
0,434,188,668,685,602
0,358,565,194,286,278
0,972,428,716,178,626
0,945,841,410,386,581
0,473,371,492,228,707
0,864,260,59,427,346
0,731,767,971,177,166
0,244,934,933,45,196
0,136,481,401,301,944
0,754,397,449,296,360
0,40,798,999,652,7
0,861,83,465,344,652
0,779,731,88,114,598
0,969,372,1003,923,779
0,571,130,606,596,917
0,848,589,417,702,987
0,594,857,645,301,719
0,255,863,631,367,357
0,426,15,184,253,934
0,733,259,270,1012,900
0,199,264,93,725,347
0,876,627,697,402,430
0,350,258,975,555,932
0,392,617,916,355,114
0,892,292,28,964,423
0,298,3,799,627,247
0,365,336,667,901,560
0,457,761,224,1017,29
0,657,917,910,344,970
0,991,52,340,472,569
0,166,52,749,113,450
0,481,832,842,166,777
0,456,201,194,383,45
0,373,391,340,679,218
0,746,814,370,564,619
0,963,269,575,103,611
0,810,48,173,128,1023
0,265,777,503,762,296
0,819,527,273,812,115
0,157,487,635,749,5
0,753,1,759,604,1003
0,264,173,798,857,19
0,833,673,529,925,626
0,358,291,417,134,619
0,343,768,194,196,306
0,687,185,556,685,652
0,609,980,938,355,1011
0,701,446,845,671,900
0,444,54,754,207,1013
0,802,422,641,712,641
0,264,733,653,988,990
0,730,861,401,862,567
0,139,641,503,401,92
0,59,747,822,701,696
0,120,213,551,612,346
0,392,139,163,871,960
0,399,870,689,213,904
0,250,981,819,734,739
0,468,244,556,794,916
0,221,606,982,829,766
0,270,986,609,48,392
0,985,650,318,598,418
0,143,230,571,32,14
0,863,631,991,928,770
0,370,423,566,507,698
0,782,478,466,491,185
0,218,834,151,14,822
0,884,941,421,332,238
0,762,526,844,834,652
0,292,615,106,213,809
0,350,166,916,84,696
0,456,336,887,700,756
0,627,135,352,47,954
0,827,246,20,971,306
0,915,664,813,431,406
0,78,595,898,247,640
0,136,283,806,753,916
0,789,754,335,424,756
0,372,664,657,103,9
0,17,256,151,651,1013
0,124,647,718,612,610
0,740,70,114,823,6
0,605,340,593,261,327
0,548,121,142,600,639
0,78,324,273,591,753
0,633,733,292,388,796
0,10,938,685,826,627
0,1022,415,648,48,1013
0,783,651,609,615,92
0,655,393,823,629,190
0,222,335,872,83,967
0,207,739,764,523,941
0,479,774,0,84,100
0,744,84,808,388,553
0,948,943,131,329,707
0,573,22,556,898,234
0,683,571,53,45,2
0,298,225,486,885,779
0,8,597,601,941,504
0,190,637,208,18,417
0,989,301,942,526,461
0,151,212,612,343,111
0,532,185,20,287,766
0,695,659,562,296,545
0,360,315,902,634,977
0,351,330,947,479,221
0,740,958,254,147,511
0,205,530,24,83,633
0,230,531,385,723,330
0,939,942,395,88,763
0,574,535,35,311,302
0,371,869,230,897,197
0,263,150,845,67,509
0,565,65,28,641,802
0,898,159,386,1005,74
0,252,415,891,162,770
0,913,663,386,186,955
0,1023,259,869,296,758
0,830,599,214,287,692
0,57,833,214,733,753
0,622,594,720,783,168
0,901,491,770,767,509
0,960,525,130,127,209
0,93,623,195,164,22
0,289,267,898,768,263
0,104,620,184,555,454
0,521,733,831,518,398
0,270,671,477,913,971
0,76,150,905,756,567
0,985,841,606,678,840
0,572,583,174,388,847
0,255,464,503,664,802
0,280,74,476,13,324
0,71,525,362,417,489
0,617,357,414,612,283
0,762,406,697,614,724
0,211,351,84,615,584
0,488,427,124,943,507
0,640,483,640,995,599
0,998,452,389,861,296
0,839,631,59,776,324
0,665,517,91,746,71
0,482,177,765,675,599
0,407,997,981,899,543
0,639,284,198,300,934
0,911,800,562,417,665
0,501,903,803,493,191
0,949,280,704,585,107
0,475,386,862,943,1006
0,690,290,242,296,666
0,649,286,174,489,715
0,167,752,902,493,678
0,334,487,609,25,24
0,53,891,844,843,785
0,740,284,902,739,334
0,497,271,235,633,113
0,140,32,317,505,973
0,738,513,74,249,455
0,862,365,504,455,14
0,389,534,392,287,644
0,699,598,803,812,141
0,655,40,340,819,356
0,73,331,878,330,723
0,403,405,779,767,708
0,738,116,362,230,435
0,135,15,321,127,85
0,147,768,1001,127,470
0,97,553,447,302,601
0,914,930,891,344,545
0,449,517,324,225,20
0,506,948,896,411,117
0,355,568,433,61,26
0,17,4,362,742,949
0,22,962,150,444,577
0,124,805,232,260,967
0,257,336,91,619,836
0,812,743,358,856,572
0,916,38,118,147,142
0,419,70,520,819,928
0,290,150,154,1014,932
0,762,713,419,381,418
0,535,249,383,465,461
0,859,526,764,90,983
0,177,455,33,25,296
0,913,15,417,692,455
0,942,218,127,604,394
0,252,650,679,383,444
0,355,890,139,783,613
0,655,404,834,296,31
0,447,635,221,576,147
0,190,900,584,602,932
0,965,651,898,489,714
0,218,347,194,775,29
0,809,487,698,78,693
0,139,543,340,738,817
0,24,455,713,593,929
0,256,846,602,191,394
0,14,346,952,903,6
0,356,850,844,294,676
0,854,259,1018,1005,825
0,755,557,312,840,103
0,452,311,562,802,264
0,1,224,601,775,631
0,138,236,957,986,393
0,210,743,349,862,961
0,690,336,1008,537,749
0,215,452,181,971,107
0,99,478,983,737,336
0,876,651,557,924,779
0,670,2,754,302,305
0,220,859,895,823,602
0,248,666,215,734,403
0,210,211,733,258,795
0,942,194,321,363,435
0,777,458,890,595,627
0,935,600,615,444,141
0,185,341,675,449,951
0,726,718,843,413,675
0,167,647,130,893,1002
0,428,284,445,678,917
0,878,362,641,467,665
0,432,635,978,599,357
0,142,498,909,1,374
0,641,515,181,901,920
0,193,130,235,224,990
0,145,179,15,812,357
0,555,937,593,602,258
0,722,654,942,942,1003
0,594,446,774,779,846
0,167,191,649,487,923
0,809,724,790,292,399
0,704,555,598,793,399
0,443,870,71,119,800
0,402,463,1016,107,460
0,2,1008,505,983,141
0,636,181,981,602,864
0,183,876,9,481,323
0,730,375,605,250,282
0,805,290,716,296,731
0,252,865,669,6,504
0,794,11,312,843,304
0,728,815,778,9,837
0,255,781,631,783,795
0,57,17,252,702,225
0,760,990,476,371,10
0,179,572,476,996,418
0,552,451,316,930,177
0,143,378,774,1011,838
0,1003,930,291,83,204
0,739,173,392,45,248
0,658,263,631,14,64
0,229,238,421,753,392
0,909,7,264,746,254
0,264,52,85,190,275
0,167,420,61,187,598
0,590,726,998,165,601
0,22,344,487,928,197
0,968,469,270,132,802
0,1,960,368,857,629
0,793,633,93,962,553
0,61,592,324,287,64
0,488,95,215,287,658
0,404,224,851,495,408
0,108,208,24,625,433
0,445,835,830,406,260
0,207,184,324,759,373
0,684,57,425,254,707
0,502,458,51,804,828
0,130,239,971,925,181
0,404,301,445,411,775
0,342,984,653,923,648
0,132,997,6,138,118
0,257,291,124,899,946
0,577,958,102,730,2
0,571,800,958,343,678
0,758,275,916,783,899
0,293,422,59,576,384
0,687,273,821,377,254
0,286,61,431,545,17
0,991,680,577,516,357
0,667,413,780,916,223
0,928,706,787,211,333
0,55,973,304,273,547
0,955,418,145,41,789
0,147,567,566,593,65
0,679,800,393,921,1002
0,161,407,682,1002,611
0,373,776,273,85,666
0,111,488,782,348,666
0,17,997,419,466,992
0,473,11,445,701,996
0,205,900,270,923,222
0,239,106,875,898,986
0,536,610,316,967,584
0,80,503,295,897,827
0,42,365,59,930,606
0,358,621,669,445,324
0,373,647,364,87,18
0,579,484,358,247,202
0,862,456,321,346,251
0,210,575,21,160,697
0,623,973,883,988,587
0,82,458,363,464,208
0,255,60,92,382,473
0,570,116,191,768,184
0,878,822,6,693,717
0,718,883,1004,82,847
0,174,86,364,12,437
0,244,662,164,406,808
0,372,598,396,211,723
0,298,1009,312,734,1019
0,104,128,365,753,63
0,273,478,266,296,296
0,384,251,942,247,251
0,673,563,781,989,997
0,560,731,266,624,507
0,727,104,370,652,304
0,280,315,28,692,941
0,548,779,883,945,269
0,876,731,739,898,397
0,911,24,254,76,660
0,866,363,823,258,294
0,876,466,126,682,207
0,358,446,1019,637,897
0,45,540,862,398,775
0,679,305,30,301,756
0,180,624,752,517,786
0,449,208,167,739,834
0,408,150,728,418,528
0,427,52,584,837,930
0,848,973,891,386,366
0,413,360,193,195,849
0,474,615,150,875,21
0,998,591,393,281,625
0,687,506,499,883,575
0,130,627,354,92,333
0,415,832,144,817,524
0,753,499,577,685,772
0,930,40,522,964,311
0,568,749,976,4,220
0,324,104,389,216,685
0,939,900,212,657,116
0,345,446,619,294,44
0,250,850,839,461,639
0,103,413,501,987,751
0,989,244,76,699,729
0,753,526,88,282,594
0,404,541,369,996,296
0,527,886,905,782,26
0,157,357,896,343,896
0,947,224,728,857,185
0,59,715,549,4,150
0,22,422,882,504,117
0,372,579,503,285,35
0,989,151,834,925,731
0,720,65,483,442,444
0,894,849,480,344,954
0,93,928,887,343,116
0,942,32,37,686,961
0,73,744,825,427,767
0,123,227,754,692,422
0,42,695,324,491,186
0,658,473,112,984,496
0,829,406,916,150,324
0,168,664,496,301,639
0,182,185,663,637,126
0,457,4,667,552,817
0,655,415,340,68,52
0,185,313,839,223,221
0,866,373,30,1015,103
1,398,420,372,32,731
0,309,122,975,985,392
0,416,696,392,223,29
0,358,267,194,801,495
0,224,15,885,20,817
0,149,419,840,677,821
0,184,840,324,679,456
0,995,344,13,348,384
0,939,109,628,532,141
0,167,746,821,233,38
0,940,463,330,921,626
0,519,109,760,701,29
0,462,95,753,652,600
0,796,650,542,599,857
0,989,378,118,672,234
0,712,886,902,682,487
0,391,789,315,777,34
0,655,32,935,201,470
0,517,239,602,347,962
0,293,19,451,481,954
0,75,168,745,109,179
0,84,252,33,896,449
0,210,731,960,970,367
0,393,59,315,367,653
0,104,514,753,929,600
0,678,588,333,902,954
0,294,683,231,213,74
0,265,671,571,119,838
0,419,455,794,682,324
0,264,130,602,613,337
0,248,835,321,502,366
0,915,1022,691,334,99
0,829,315,692,540,923
0,513,32,1,259,13
0,637,601,901,487,545
0,251,54,908,84,360
0,1014,239,476,996,493
0,184,596,340,324,283
0,801,51,719,147,689
0,282,283,208,859,400
0,790,840,958,1017,233
0,876,432,104,715,454
0,617,598,212,199,745
0,416,325,284,411,920
0,519,485,520,892,168
0,40,540,30,435,179
0,22,639,437,626,220
0,206,242,401,392,282
0,252,419,947,682,182
0,549,719,264,947,410
0,568,593,632,851,601
0,524,187,725,38,334
0,432,305,862,925,38
0,655,630,292,258,784
0,414,133,916,1011,35
0,178,349,346,807,627
0,136,666,657,292,478
0,880,906,856,386,512
0,337,540,273,986,613
0,537,393,126,862,753
0,168,415,732,486,14
0,282,781,573,296,584
0,806,163,504,733,363
0,416,224,905,851,792
0,587,227,689,776,853
0,249,319,24,737,916
0,1014,781,802,418,39
0,919,305,407,843,729
0,97,182,783,38,704
0,777,80,254,593,568
0,885,324,68,478,366
0,871,387,414,670,613
0,207,844,1007,1010,470
0,558,636,901,629,560
0,419,526,621,127,847
0,874,104,151,102,528
0,290,683,638,164,615
0,548,938,661,563,550
0,438,840,433,206,403
0,827,882,752,920,363
0,207,767,550,826,770
0,473,800,971,613,186
0,601,112,154,907,264
0,159,139,675,733,704
0,488,341,115,148,477
0,916,499,339,666,92
0,708,893,741,826,461
0,257,673,202,843,367
0,233,844,260,802,147
0,48,237,867,538,731
0,197,499,871,618,16
0,517,389,885,75,341
0,358,746,436,793,190
0,207,911,940,417,114
0,556,462,297,18,151
1,848,26,754,491,141
0,1020,666,685,938,851
0,862,421,340,728,392
0,987,525,20,515,1023
0,273,533,233,490,838
0,438,663,526,923,209
0,419,882,142,355,528
0,186,813,146,369,724
0,146,834,4,447,170
0,73,181,639,625,117
1,637,212,517,103,76
0,1015,181,425,1012,774
0,928,650,444,916,498
0,599,151,3,211,55
0,113,362,251,14,435
0,602,1012,885,89,336
0,985,822,231,955,403
0,444,552,821,227,7
0,359,423,672,993,71
0,145,96,185,670,187
0,203,703,947,45,1014
0,571,113,934,144,990
0,281,642,593,422,461
0,395,491,150,547,318
0,673,887,358,186,568
0,103,680,585,913,623
0,998,836,1015,107,159
0,268,889,304,47,257
0,577,262,38,542,93
0,185,230,443,976,153
0,636,287,885,14,601
0,725,446,740,693,709
0,367,931,575,229,864
0,476,667,201,39,569
0,282,271,844,481,295
0,662,73,115,343,257
0,255,746,363,1010,955
0,59,89,270,988,296
0,221,308,564,495,550
0,772,634,422,930,723
0,482,335,582,444,28
0,87,118,878,857,504
0,939,840,769,753,44
0,733,357,685,58,928
1,1023,19,83,663,654
0,905,1011,823,796,216
0,218,819,898,991,262
0,930,637,159,85,528
0,583,683,489,55,953
0,120,643,907,651,403
0,23,720,190,228,904
0,809,348,138,745,261
0,423,733,602,386,83
0,177,897,542,472,186
0,437,463,378,794,304
0,638,688,875,692,406
0,268,917,339,485,440
0,447,273,609,286,902
0,264,12,127,386,990
0,306,132,444,247,545
0,819,891,184,377,672
0,806,488,594,296,505
0,149,666,804,172,406
0,932,991,73,982,821
0,947,185,764,883,143
0,796,731,199,988,441
0,157,586,73,107,275
0,256,446,259,240,996
0,548,897,840,634,197
0,655,415,654,270,825
0,159,834,438,259,652
1,12,834,229,78,678
0,571,966,524,576,9
0,392,840,471,176,500
0,441,683,515,775,656
0,12,1013,390,309,186
0,477,511,170,258,858
0,169,340,839,131,627
0,280,89,131,1007,39
0,1023,373,264,724,801
0,419,540,92,396,980
0,213,840,752,985,329
0,744,552,569,234,916
0,71,289,907,954,932
0,911,76,575,909,35
0,827,152,427,54,401
0,827,701,9,802,104
0,858,713,335,390,403
0,22,856,193,320,2
0,487,403,401,591,443
0,355,1018,178,142,157
0,841,833,10,776,159
0,2,1016,775,526,333
0,99,184,53,1007,744
0,1023,921,308,343,167
0,428,761,261,75,900
0,1023,130,864,325,470
0,324,136,479,828,253
0,807,831,957,704,992
0,818,324,551,545,57
0,622,185,79,938,512
0,604,278,400,540,147
0,506,177,571,671,103
0,836,579,989,408,373
0,339,346,472,711,126
0,800,579,948,759,616
0,48,880,83,907,144
0,256,834,833,114,668
0,502,185,944,481,767
0,261,481,867,602,679
0,827,900,969,134,639
0,2,851,561,802,560
0,384,784,508,812,710
0,757,246,1020,920,679
0,477,77,273,585,588
0,248,311,533,505,758
0,437,982,361,838,30
0,1005,861,533,296,824
0,519,37,190,116,201
0,631,572,398,109,98
0,205,38,559,734,50
0,549,751,20,908,914
0,879,713,787,402,1019
0,912,201,63,651,523
0,97,908,715,440,704
0,673,346,533,816,479
0,658,341,386,775,422
0,762,833,419,321,854
0,246,185,895,593,197
0,104,192,981,84,350
0,410,962,688,286,180
0,256,121,3,75,44
0,408,40,182,934,785
0,819,907,806,971,510
0,211,545,112,779,626
0,951,366,313,106,603
0,372,230,526,941,628
0,467,773,443,38,157
0,370,800,969,253,603
0,880,432,919,61,802
0,168,910,754,355,573
0,916,372,803,685,650
0,107,291,330,187,641
0,782,698,985,287,704
0,106,716,195,538,403
0,955,74,369,487,715
0,854,938,59,94,801
0,487,650,845,589,893
0,915,838,181,659,901
0,572,489,130,312,426
0,104,267,110,201,185
0,989,319,590,961,336
0,740,335,495,840,989
0,398,683,346,875,283
0,537,621,378,936,874
0,113,657,255,707,316
0,414,604,556,1019,262
0,347,724,259,980,18
0,334,587,469,18,73
0,164,757,386,103,154
0,124,713,4,342,314
0,601,392,580,733,238
0,466,393,139,293,985
0,826,48,386,294,144
0,372,391,184,241,639
0,691,481,916,857,825
0,180,658,452,412,707
0,210,579,745,838,771
0,12,733,831,15,990
0,948,958,872,988,254
0,21,757,643,678,502
0,42,545,129,920,998
0,389,607,359,914,678
0,22,530,885,789,966
0,876,688,588,465,983
0,778,191,937,815,758
0,130,781,709,576,779
0,636,991,54,116,568
0,395,981,297,12,62
0,679,697,335,594,73
0,783,269,483,102,151
0,940,755,359,291,105
0,698,874,472,343,714
0,297,395,167,163,454
0,579,203,562,658,533
0,280,698,734,438,182
0,760,40,289,116,439
0,256,825,857,250,644
0,548,458,639,293,647
0,947,83,937,701,651
0,809,513,255,964,598
0,99,768,903,985,275
0,387,770,840,507,752
0,76,361,40,409,611
0,506,892,426,139,213
0,212,923,858,600,535
0,884,949,910,543,641
0,1014,779,866,305,100
1,487,344,144,451,731
0,60,552,891,253,102
0,133,740,296,61,946
0,725,84,946,774,639
0,916,580,343,228,493
0,611,287,585,71,577
0,805,280,697,18,816
0,809,902,160,201,446
0,862,733,861,685,283
0,57,348,815,146,795
0,190,140,194,211,498
0,487,182,605,674,795
0,485,755,819,267,633
0,177,658,564,147,1006
0,119,650,415,956,521
0,425,945,689,725,507
0,389,841,765,133,282
0,503,781,235,756,437
0,782,100,803,672,103
0,801,102,168,247,509
0,845,767,717,45,745
0,978,6,195,682,499
0,477,295,383,61,196
0,464,360,712,846,269
0,294,946,605,657,723
0,725,222,376,43,742
0,782,745,815,311,684
0,748,840,840,851,264
0,416,295,321,75,717
0,306,199,877,1011,966
0,935,82,577,711,934
0,831,136,15,254,550
0,160,949,979,206,166
0,17,122,905,801,406
0,171,552,43,605,639
0,210,781,679,670,422
0,347,452,1007,545,563
0,357,891,544,576,900
0,558,12,264,42,43
0,245,917,20,983,520
0,658,238,763,486,69
0,295,617,226,78,346
0,874,463,104,343,36
0,809,325,735,344,796
0,850,832,752,246,142
0,779,871,782,1012,779
0,808,463,942,917,962
0,753,506,833,1007,472
0,877,1014,551,165,323
0,299,125,880,937,185
0,132,961,934,396,847
0,244,244,675,411,111
0,410,334,118,1000,618
0,139,647,84,328,731
0,124,393,415,507,275
0,488,847,898,990,301
0,408,993,551,783,789
0,413,773,521,372,186
0,177,816,674,195,14
0,250,750,54,696,435
0,725,230,239,908,955
0,492,986,674,915,486
0,629,768,354,325,145
0,806,664,243,195,296
0,928,513,914,972,403
0,275,52,472,566,103
0,299,709,113,238,31
0,764,845,375,926,760
0,485,510,289,216,489
0,884,67,689,858,627
0,558,466,883,116,890
0,176,458,690,997,189
0,862,450,523,786,635
0,805,271,128,962,442
0,557,319,471,943,463
0,147,978,692,344,836
0,289,842,979,444,947
0,182,375,377,851,552
0,209,440,339,993,528
0,152,850,743,594,765
0,753,371,229,643,834
0,802,869,606,672,455
0,623,513,682,13,759
0,109,634,233,608,70
0,410,353,286,82,209
0,256,526,987,542,387
0,157,650,844,127,401
0,467,842,770,750,215
0,1007,1020,354,589,550
0,687,545,376,931,719
0,264,124,185,812,935
0,224,891,184,493,941
0,1000,928,364,453,717
0,249,634,683,945,242
0,738,614,421,133,708
0,958,246,583,293,604
0,355,319,126,709,731
0,129,899,839,110,611
0,971,892,887,445,623
0,359,1005,638,621,990
0,595,569,846,999,241
0,108,907,776,663,734
0,855,949,782,931,719
0,1007,576,451,991,275
0,994,17,360,405,646
0,719,32,577,12,293
0,740,356,641,39,70
0,659,661,225,179,283
0,825,3,663,666,467
0,180,21,204,824,187
0,174,544,417,418,426
0,230,751,981,388,722
0,130,344,1014,925,658
0,245,632,946,909,613
0,256,456,495,658,955
0,353,202,56,823,394
0,652,185,10,147,1013
0,1014,937,689,950,951
0,798,741,466,693,7
0,673,234,689,954,779
0,419,757,612,356,301
0,808,923,696,445,733
0,120,224,803,815,1011
0,571,973,418,802,954
0,829,452,947,216,276
0,312,911,891,796,108
0,764,185,832,518,923
0,997,452,565,302,951
0,264,530,653,296,665
0,558,540,326,772,806
0,877,635,767,240,825
0,355,4,24,507,1011
0,495,150,959,124,298
0,995,610,891,878,840
0,146,188,997,212,158
0,495,664,916,279,476
0,234,437,19,440,617
0,599,427,902,764,262
0,924,297,396,633,991
0,104,362,764,85,314
0,369,837,697,397,602
0,183,929,3,341,262
0,305,181,898,351,731
0,1014,458,40,54,161
0,603,404,246,127,68
0,26,159,196,992,403
0,828,423,190,8,917
0,347,682,1007,761,639
0,942,1018,92,532,1011
0,844,274,195,692,92
0,404,499,174,883,901
0,825,362,765,883,634
0,811,39,209,777,1003
0,829,371,289,1021,221
0,985,413,260,411,917
0,275,573,54,995,717
0,154,757,940,956,849
0,35,417,167,452,35
0,704,861,456,47,904
0,726,960,520,127,351
0,270,911,386,418,547
0,949,627,183,947,816
0,880,487,857,911,22
0,678,897,78,127,314
0,906,925,123,950,268
0,841,74,740,216,1019
0,575,305,636,703,1010
0,930,349,821,622,157
0,483,268,18,287,457
0,1020,1016,31,355,581
0,1007,304,386,804,665
0,968,543,364,829,193
0,125,590,971,923,346
0,898,784,195,625,425
0,381,352,255,903,779
0,942,462,526,1011,359
0,303,733,762,124,650
0,1,356,439,843,652
0,157,530,467,537,524
0,168,77,145,445,742
0,427,216,664,856,934
0,239,699,170,228,337
0,528,991,596,706,429
0,184,285,685,411,766
0,367,631,648,238,261
0,600,645,768,707,361
0,38,539,1021,95,268
0,479,776,656,1011,610
0,93,877,296,601,365
0,75,548,436,394,269
0,139,269,835,597,439
0,106,957,549,759,802
0,18,465,971,259,180
0,82,336,738,749,334
0,589,834,500,1012,230
0,180,488,902,945,154
0,109,121,172,335,738
0,797,273,764,576,131
0,438,158,783,30,357
0,646,796,93,54,175
0,167,250,418,289,1014
0,858,461,691,320,443
0,894,928,130,22,639
0,207,144,593,38,46
0,640,1016,421,803,612
0,887,831,616,127,518
0,49,83,73,545,549
0,818,699,333,739,22
0,470,483,593,367,168
0,55,905,991,119,389
0,543,514,224,614,35
0,912,540,284,730,569
0,26,91,582,312,507
0,265,682,8,105,271
0,854,702,515,925,179
0,948,162,429,791,1009
0,244,396,238,219,483
0,111,765,396,164,478
0,457,808,785,932,979
0,290,461,898,706,600
0,853,907,780,548,567
0,125,899,231,679,1012
0,764,423,425,693,618
0,1020,384,190,678,587
0,279,444,323,98,752
0,239,250,351,720,252
0,247,113,766,857,678
0,414,684,754,190,767
0,341,230,196,258,742
0,913,338,974,545,777
0,367,986,415,25,782
0,772,926,275,344,619
0,718,585,56,850,467
0,67,973,225,145,73
0,969,260,222,538,278
0,537,651,691,783,403
0,658,501,785,936,71
0,113,907,690,847,1003
0,387,683,396,249,839
0,265,458,764,936,945
0,735,568,551,789,146
0,347,1001,815,857,11
0,913,291,631,701,1007
1,571,703,351,480,201
0,144,847,336,870,365
0,351,441,137,675,766
0,469,771,684,627,336
0,699,207,253,687,774
0,25,543,645,910,163
0,263,759,511,132,462
0,894,476,64,245,506
0,478,242,154,919,260
0,927,976,154,296,46
0,197,113,979,837,191
0,998,837,436,982,605
0,914,378,268,471,82
0,321,246,496,487,856
0,414,346,194,1012,453
0,524,120,664,306,80
0,272,126,741,817,360
0,752,871,315,999,17
0,134,4,77,117,525
0,380,854,732,187,418
0,731,464,131,993,533
0,985,552,609,85,116
0,571,591,534,931,151
0,806,127,294,405,595
0,238,820,954,976,621
0,875,632,8,520,78
0,978,565,906,32,292
0,924,294,717,909,532
0,972,843,640,913,340
0,399,55,766,604,78
1,877,989,871,641,1003
0,290,128,491,612,114
0,106,200,634,116,821
1,969,971,850,367,720
0,140,478,829,814,391
0,427,590,10,278,391
0,384,642,362,700,761
0,638,813,436,796,761
0,44,186,521,471,117
0,137,17,637,558,185
0,615,911,194,624,674
0,859,155,134,670,1001
0,316,996,300,550,40
0,481,701,701,2,180
0,448,330,570,60,408
0,914,86,844,613,30
0,359,873,877,870,435
0,906,422,324,422,75
0,429,413,887,164,296
0,928,65,297,334,829
0,462,271,754,739,35
0,607,694,150,1012,989
0,1021,192,270,402,1011
0,497,285,270,996,5
0,936,699,509,320,688
0,809,583,234,35,304
0,359,191,657,537,357
0,694,603,701,631,253
0,891,961,356,864,890
0,140,92,734,193,224
0,290,296,872,200,378
0,415,121,320,885,778
0,294,146,256,520,773
0,571,665,69,883,639
0,463,245,333,584,554
0,1020,198,123,325,926
0,53,52,254,766,410
0,148,591,609,956,937
0,90,966,351,14,191
0,644,834,439,442,117
0,622,10,458,374,39
0,12,159,269,618,428
0,623,525,480,504,639
0,753,671,396,865,293
0,113,533,947,301,115
0,218,401,996,108,274
0,597,574,827,371,224
0,118,44,689,833,126
0,776,637,54,381,992
0,838,25,416,494,328
0,735,117,824,866,337
0,539,883,530,598,47
0,215,953,819,675,686
0,777,819,535,49,590
0,462,551,18,56,660
0,742,388,276,396,912
0,559,878,710,662,715
0,408,593,169,32,124
0,801,179,205,976,20
0,462,545,423,265,1
0,668,444,28,941,874
0,250,562,907,580,820
0,746,587,661,721,546
0,933,718,1001,383,243
1,468,699,438,648,706
0,490,142,486,203,806
0,113,57,240,1013,91
0,777,270,981,61,314
0,412,708,202,562,472
0,355,610,846,339,5
0,663,991,277,225,890
0,548,456,33,107,602
0,371,960,648,291,901
1,837,522,963,200,937
0,242,654,495,263,1023
0,862,722,232,768,611
0,744,564,610,776,778
0,746,562,128,920,314
0,589,25,343,436,661
0,894,287,588,424,462
0,129,376,769,925,55
0,220,439,648,888,886
0,995,997,782,1018,482
0,622,50,284,304,46
0,880,742,89,419,860
0,702,6,250,614,911
0,227,617,825,173,760
0,16,843,161,807,1014
0,1001,949,933,538,459
0,998,911,465,408,545
0,682,718,8,715,946
0,980,280,765,941,992
0,667,746,916,285,872
0,488,937,284,276,610
0,157,562,199,612,38
0,83,813,714,163,528
0,649,898,605,172,208
0,445,798,926,970,546
0,1,245,803,89,74
0,779,871,534,936,512
1,719,921,984,474,646
0,42,834,820,1017,979
0,790,152,705,178,541
0,73,707,757,405,693
0,595,34,486,169,367
0,191,929,427,252,98
0,152,291,386,260,306
0,450,442,89,203,237
0,840,445,472,774,708
0,410,118,734,493,71
0,704,636,396,560,46
0,349,150,323,779,663
0,285,949,980,613,197
0,936,691,127,546,115
0,902,684,577,908,858
0,537,929,439,334,226
0,292,342,487,968,29
0,506,315,969,695,677
0,107,272,740,261,114
0,998,657,775,291,1003
0,843,561,264,688,772
0,294,752,900,1020,503
0,924,263,775,93,663
0,300,822,627,145,682
0,837,466,410,302,973
0,891,704,905,2,265
0,778,575,253,163,521
0,274,198,92,646,705
0,637,225,503,451,39
0,974,382,33,748,884
0,980,185,145,481,57
0,41,494,289,918,560
0,64,961,824,936,210
0,509,341,957,211,488
0,501,986,389,406,44
0,502,286,319,348,297
0,880,399,530,358,374
0,152,461,834,491,62
0,146,588,840,865,771
0,152,293,573,187,584
0,591,961,54,648,287
0,279,349,803,119,347
0,559,1004,920,614,83
0,637,1017,1018,177,362
0,547,513,729,254,582
0,800,141,17,762,779
0,278,128,982,1017,263
0,862,345,195,113,897
0,8,456,953,678,545
0,584,6,171,459,853
0,515,601,156,701,743
0,912,934,529,776,526
0,104,707,312,232,704
0,129,614,120,354,436
0,359,464,417,726,174
0,157,394,189,6,267
0,571,184,503,881,264
0,332,330,933,883,623
0,1012,120,734,714,154
0,103,893,662,576,288
0,1022,24,129,612,960
1,438,1001,795,71,824
0,646,408,214,887,356
0,270,307,852,903,478
0,329,420,799,727,984
0,363,472,439,228,529
0,280,947,181,893,681
1,788,691,973,260,694
0,479,245,259,480,967
1,920,821,1001,353,501
0,654,599,947,608,411
0,291,229,405,1015,655
0,686,940,508,875,270
0,945,746,190,795,565
0,354,306,113,160,34
0,374,176,934,328,185
0,575,57,251,108,389
0,731,784,140,904,26
0,273,769,74,260,224
0,302,624,450,434,997
0,717,100,921,409,589
0,788,43,588,867,521
0,199,699,673,809,448
0,885,4,439,543,0
0,511,96,778,733,521
0,204,615,658,593,879
0,639,708,973,24,535
0,967,985,990,665,72
0,358,56,6,283,225
0,97,698,194,909,493
0,829,415,639,643,346
0,803,931,495,248,252
0,272,349,675,143,564
0,539,26,720,582,92
0,222,665,549,20,183
0,167,519,864,877,345
0,488,273,203,227,687
0,506,191,973,1003,51
0,353,906,700,858,725
0,210,651,310,29,928
0,484,987,214,33,264
0,580,494,544,968,664
0,329,603,904,700,225
0,457,822,819,701,547
0,848,37,524,1017,569
0,717,630,729,793,59
0,246,1013,529,714,720
0,506,402,795,408,272
0,264,95,717,213,947
0,12,48,709,12,712
0,609,861,415,658,41
0,412,305,881,718,773
0,838,568,417,35,355
0,260,425,962,67,628
0,305,946,556,286,882
0,618,423,354,39,579
0,205,654,782,652,547
0,260,24,59,678,933
0,252,584,602,236,896
0,655,810,522,1005,132
0,261,407,191,474,624
0,146,271,802,999,235
0,744,842,529,402,146
0,212,975,318,970,273
0,269,889,651,77,106
0,450,699,784,557,860
0,452,24,210,75,111
0,950,991,34,203,1003
0,378,111,585,459,978
0,809,383,560,986,954
0,612,405,1016,119,121
0,294,54,527,264,634
0,203,687,661,631,562
1,750,606,1003,774,729
1,837,1009,954,458,393
0,190,590,330,459,241
0,820,332,222,986,627
0,249,470,497,930,339
0,471,519,745,545,864
0,70,324,697,557,906
0,265,873,6,478,257
0,129,543,702,101,350
0,76,986,199,907,586
0,175,961,732,889,406
0,87,731,715,25,567
0,686,647,933,700,659
0,614,802,974,291,81
0,513,687,920,882,3
0,439,481,484,449,779
0,82,842,764,602,977
0,886,530,939,843,770
1,855,165,398,393,318
0,355,433,425,916,189
0,367,755,209,286,336
0,346,169,623,641,286
0,755,384,580,193,601
0,853,580,154,330,350
0,1020,680,803,284,869
0,616,537,31,116,21
0,725,953,67,296,723
0,258,368,839,333,406
0,130,902,942,538,731
0,722,271,438,302,592
0,502,297,979,206,512
0,748,441,830,521,452
0,212,546,202,943,286
0,82,112,540,723,158
0,92,598,707,341,83
0,525,370,803,478,859
0,352,917,194,789,71
0,712,371,896,260,263
0,788,273,0,283,793
0,358,553,585,442,180
0,80,598,898,923,491
0,519,658,139,386,799
0,442,899,457,340,937
0,447,639,48,158,254
0,355,666,609,1006,550
0,973,4,965,292,692
0,858,24,465,946,571
0,819,78,175,725,843
0,873,188,689,55,119
0,352,344,682,234,201
0,35,617,536,730,48
0,124,774,873,885,492
0,744,934,647,730,521
0,149,344,351,1006,472
0,479,786,98,783,448
0,614,246,124,913,702
0,916,892,310,415,955
0,1008,505,244,340,276
0,244,891,154,956,598
0,655,519,797,84,588
0,866,461,515,100,603
0,129,191,184,477,547
0,212,690,705,973,594
0,729,360,418,433,991
0,370,51,15,405,280
1,378,656,966,97,982
0,985,658,714,830,92
0,250,301,549,907,613
0,778,12,581,108,527
0,762,993,552,227,131
1,320,281,965,999,1008
0,57,552,93,272,394
0,140,610,139,5,366
1,452,953,508,858,542
0,510,704,466,228,872
1,972,810,793,938,946
0,461,634,568,576,65
0,766,860,588,761,550
0,363,953,900,45,991
0,25,185,225,643,678
0,306,15,107,353,187
0,687,64,961,903,761
0,273,467,289,39,956
0,448,720,672,558,220
0,626,562,194,623,874
0,343,945,820,187,204
0,502,309,805,1016,682
0,773,967,320,350,1006
0,884,962,769,267,746
0,862,32,340,371,317
0,718,105,805,739,707
0,479,228,754,306,758
0,318,752,102,1017,451
0,762,91,275,117,700
0,493,14,809,161,559
0,1008,594,983,777,103
0,135,654,769,943,652
0,402,552,401,297,482
0,218,538,895,422,122
0,524,931,72,396,927
0,682,784,495,684,59
0,41,938,416,585,156
0,448,670,316,283,335
0,465,666,888,434,47
0,363,153,536,56,110
0,945,292,232,941,836
0,278,820,289,729,984
0,725,795,487,554,673
0,525,319,918,164,99
0,48,74,388,681,713
1,948,790,959,752,663
0,763,731,408,860,731
0,498,998,651,595,9
0,605,424,973,995,946
0,42,733,918,435,479
0,595,628,871,637,694
0,805,151,847,867,45
0,298,303,414,116,511
0,701,302,929,743,458
0,691,663,104,48,435
0,143,899,873,242,97
0,91,881,865,319,345
0,567,671,663,227,175
0,358,506,809,847,665
0,548,910,503,186,608
0,362,583,171,930,1013
0,85,961,823,993,973
0,744,948,296,46,227
0,207,842,225,601,186
1,363,44,482,117,180
0,185,455,69,941,779
0,292,652,720,471,380
0,838,334,880,954,932
0,189,866,394,362,740
0,222,621,753,554,48
0,746,444,634,63,269
0,282,204,484,162,829
0,981,924,588,200,457
0,27,1015,919,214,503
0,680,574,16,420,722
0,845,0,984,370,25
0,810,269,893,991,152
0,205,903,987,883,533
0,345,473,782,13,598
0,1005,309,104,644,645
0,446,332,701,731,922
0,488,580,971,679,36
0,291,29,749,968,350
0,184,810,183,160,360
0,427,6,909,611,724
0,777,735,192,850,800
0,829,526,328,80,364
0,799,991,427,373,444
0,176,310,974,287,17
0,250,683,350,418,856
0,885,293,259,228,341
0,571,846,351,25,945
0,662,394,33,761,993
0,293,201,15,756,74
0,554,954,211,623,603
0,134,683,326,455,600
0,750,385,514,490,279
0,732,347,391,471,195
0,35,272,466,984,620
0,634,494,203,971,722
0,503,408,844,1007,452
0,76,19,194,440,232
0,581,1014,556,440,600
0,835,286,518,579,902
0,233,483,593,216,45
0,394,639,349,448,395
0,914,883,691,582,18
0,51,478,13,943,401
0,31,259,1021,898,237
0,498,710,421,653,723
0,461,542,451,600,415
0,997,778,89,414,906
0,278,810,350,519,497
0,504,628,689,771,818
0,53,26,132,142,673
0,762,168,798,801,600
0,575,842,433,833,139
0,861,515,268,931,156
0,349,911,320,602,705
0,412,142,533,718,812
0,723,950,333,895,473
0,746,886,429,992,262
0,265,493,357,726,224
0,82,555,1018,253,383
0,238,942,418,477,771
0,282,315,839,63,123
0,463,868,431,97,553
0,700,435,682,648,842
0,908,627,1003,344,188
0,93,28,1014,811,936
0,864,696,716,933,511
0,304,272,593,971,811
0,197,134,782,856,586
0,867,67,813,853,121
0,805,935,504,225,926
0,890,972,763,329,17
0,252,526,609,968,252
0,818,870,747,866,318
0,388,52,824,418,264
1,869,709,963,998,674
0,750,844,753,55,456
0,107,193,881,117,218
0,460,833,685,511,771
0,567,963,711,15,853
0,487,825,679,566,5
0,979,882,716,875,966
0,555,842,215,726,773
0,900,228,873,869,703
1,459,617,988,800,795
0,605,314,895,382,792
0,347,191,767,55,715
0,234,680,625,660,946
0,211,181,548,13,600
0,566,325,762,460,357
0,617,187,324,866,975
0,82,77,571,56,64
0,710,197,518,405,547
0,800,690,65,405,871
0,267,126,316,552,579
0,809,1005,96,953,667
0,675,989,634,389,702
0,579,327,588,883,315
0,537,4,776,681,190
0,134,21,581,796,932
0,753,742,39,247,57
0,252,404,127,449,590
0,371,356,369,36,237
0,647,458,641,837,694
0,222,781,851,12,772
0,838,537,877,901,98
0,111,421,495,980,188
0,182,565,914,951,821
0,532,169,850,858,44
0,681,194,801,656,929
0,10,474,135,106,360
0,371,634,391,926,517
0,29,820,165,297,189
0,368,447,661,919,474
1,524,752,995,815,913
0,223,890,305,424,354
0,880,722,74,682,269
0,263,714,165,396,407
0,252,653,681,631,249
0,481,390,923,758,753
0,149,96,52,1017,707
0,416,552,638,850,350
0,352,156,942,211,151
0,656,699,898,177,732
0,762,774,417,45,556
0,280,280,947,887,387
0,611,749,803,953,545
0,137,441,687,265,576
0,832,172,267,546,705
0,410,763,289,286,83
0,825,266,617,11,641
0,898,229,912,546,288
0,753,971,653,292,117
0,912,316,764,580,656
0,351,891,255,267,222
0,822,1016,120,829,50
0,129,360,442,762,690
0,301,299,813,60,468
0,506,120,207,251,715
0,42,1000,452,387,770
0,957,696,635,735,183
0,545,723,268,726,334
0,471,836,1003,614,215
0,36,61,967,990,70
0,853,338,381,527,705
0,467,936,785,316,765
0,909,681,232,926,765
0,126,314,215,252,898
0,525,946,108,351,265
0,486,526,601,725,890
0,234,993,948,730,259
1,741,992,852,81,800
0,207,960,794,63,1013
0,519,2,389,857,254
0,875,134,871,24,889
0,966,185,359,773,328
0,779,527,23,381,64
0,819,287,269,323,946
1,751,772,739,710,715
0,278,246,910,821,354
0,367,544,257,1014,753
0,459,6,351,561,979
1,750,687,973,453,576
0,479,12,984,775,396
0,40,68,771,950,300
0,118,416,604,194,695
0,1013,889,36,693,146
0,961,670,267,170,631
0,470,914,411,332,983
0,775,302,990,49,513
0,506,948,505,142,548
0,465,856,779,269,588
0,321,33,194,609,115
0,701,637,623,652,9
0,291,205,98,466,25
0,260,472,413,396,593
0,867,873,860,479,270
0,153,786,1019,711,271
0,667,602,466,678,819
0,455,116,966,819,682
0,1020,746,685,116,1020
0,984,177,850,114,62
0,2,989,42,780,96
0,641,462,1,455,454
0,571,372,268,3,550
0,1013,400,406,873,577
0,632,325,348,252,521
0,787,16,585,989,194
0,273,501,699,587,835
0,716,177,173,588,779
0,900,598,126,703,550
0,750,540,518,993,211
0,766,87,990,681,225
0,806,1009,138,12,652
0,249,278,518,721,715
0,360,688,14,523,118
0,134,656,284,436,993
0,740,1015,668,870,246
0,387,598,627,336,321
0,234,215,814,867,370
0,862,815,310,967,591
0,559,277,484,953,156
0,634,663,506,801,433
0,334,924,461,66,280
0,610,810,779,570,328
0,682,291,282,457,648
0,632,617,801,122,532
0,207,986,189,165,929
0,610,225,807,200,9
0,978,991,404,248,224
0,195,571,416,384,121
0,47,989,8,57,671
0,671,462,685,391,407
0,663,842,8,671,739
0,185,441,429,662,532
0,345,329,102,28,507
0,554,123,495,417,718
0,72,939,235,230,156
0,342,946,381,391,84
0,986,122,329,987,356
0,719,933,898,641,351
0,541,943,223,164,771
0,605,944,272,410,335
0,278,882,181,448,466
0,18,232,87,107,704
0,617,245,576,529,301
0,832,744,543,785,860
0,736,847,872,710,535
0,70,18,395,369,643
0,72,961,620,133,154
0,556,867,181,788,255
0,404,867,326,924,984
0,710,188,848,886,775
0,271,1015,438,612,20
0,273,467,333,382,217
0,838,548,474,575,993
0,586,970,365,761,753
0,333,307,196,210,279
0,991,145,225,598,626
0,526,273,436,718,972
0,589,234,257,734,909
0,823,794,183,117,874
0,290,320,941,480,973
0,819,882,427,895,656
0,566,539,736,486,215
0,441,923,877,728,431
0,36,251,560,771,91
1,291,780,851,564,926
0,122,30,57,103,573
0,852,991,954,55,270
0,559,305,181,221,984
0,385,366,986,477,579
0,978,155,764,329,853
0,142,787,316,962,215
0,161,198,876,466,732
0,640,330,861,316,766
0,663,305,567,957,799
0,1003,162,255,264,193
0,1020,716,58,304,889
0,746,722,981,829,260
0,470,142,604,373,407
0,684,78,680,690,995
0,599,653,66,99,139
0,31,10,391,726,138
0,464,6,256,290,846
0,1008,230,901,456,308
0,250,385,604,731,572
0,648,772,687,211,600
0,300,246,78,878,576
0,502,476,585,94,656
0,250,934,974,564,203
0,406,90,898,869,579
0,764,415,520,276,165
0,40,228,201,353,68
0,809,456,576,791,47
0,213,498,654,378,151
0,686,285,465,721,645
0,896,772,526,900,603
0,263,1015,995,102,590
0,509,535,626,12,370
0,816,246,105,970,271
0,356,150,259,884,356
0,78,140,735,64,579
0,256,930,326,790,167
0,873,287,564,355,1003
0,832,282,624,469,565
0,236,851,671,693,813
0,566,87,1008,157,181
0,336,3,662,637,519
0,614,679,67,1003,898
0,798,54,283,354,847
0,241,887,482,55,806
0,355,493,51,834,254
1,73,924,936,548,894
0,731,1004,727,721,438
0,1023,194,631,286,350
0,686,940,523,2,722
1,912,1009,678,829,667
0,207,803,551,339,75
0,605,883,954,373,475
0,919,565,320,172,499
0,948,317,89,276,521
0,83,792,1019,900,97
0,702,539,159,192,819
0,843,386,669,110,724
0,78,220,203,1016,349
0,96,77,253,682,335
0,805,637,442,459,87
0,885,568,244,67,965
0,93,796,718,637,978
0,77,289,890,990,59
0,73,273,40,551,661
0,460,129,876,570,133
0,920,615,189,660,925
0,228,104,165,68,666
0,85,66,462,107,10
0,417,201,785,795,526
0,1008,320,82,602,495
0,739,579,17,833,192
0,74,814,54,709,217
0,387,970,17,331,443
0,837,767,497,259,187
0,403,145,534,1019,756
0,450,219,431,575,158
0,454,545,183,822,99
0,670,464,769,229,262
0,1015,425,664,709,323
0,33,798,85,239,681
0,333,520,772,690,769
1,628,394,496,371,35
1,502,707,833,223,991
0,602,656,602,345,364
0,527,900,372,678,938
1,898,408,794,370,955
0,122,701,425,712,992
0,390,673,530,1016,570
0,70,452,995,979,159
0,143,461,513,102,106
0,406,461,475,611,257
0,602,141,990,527,516
0,950,889,981,970,20
0,1022,282,588,200,187
0,986,939,80,953,355
0,947,1016,276,479,169
0,93,946,692,67,267
0,762,565,530,721,702
0,890,420,418,554,187
0,497,991,305,287,879
0,612,723,693,959,270
0,635,913,503,549,320
0,403,75,211,525,393
0,134,615,215,838,258
0,400,285,310,771,556
0,391,984,64,316,872
0,396,902,385,132,460
0,65,405,132,404,573
0,653,403,17,586,926
0,209,133,209,131,376
0,816,970,545,390,521
0,920,593,776,671,111
0,195,467,714,99,410
0,771,135,793,161,579
0,669,148,437,329,779
0,793,924,215,80,742
0,252,960,774,614,628
0,536,270,544,266,927
0,128,564,334,738,438
0,891,315,593,601,821
0,785,694,343,351,454
0,218,817,633,330,485
0,24,952,412,793,722
0,300,217,275,99,956
1,978,388,375,6,648
0,688,394,81,968,689
0,123,815,24,1015,236
0,304,800,629,339,656
0,580,145,918,333,531
0,166,66,457,877,460
0,65,548,488,909,769
0,548,794,225,548,284
0,719,765,495,664,40
0,1013,11,396,367,600
0,223,3,685,989,462
0,686,890,685,776,3
0,90,607,747,211,798
0,736,890,387,278,111
1,880,724,833,587,991
0,542,950,661,919,238
0,341,890,168,405,550
0,805,1014,765,542,115
0,751,490,909,752,389
0,7,992,287,928,848
0,398,467,616,538,228
0,157,552,133,653,692
0,249,478,128,465,771
0,872,150,990,474,577
0,684,130,195,514,734
0,448,140,77,637,364
1,618,931,929,703,771
0,205,970,181,561,842
0,880,307,1003,264,351
0,986,21,396,99,107
0,739,891,526,394,408
0,619,380,363,829,218
0,143,125,100,738,315
0,273,114,369,882,520
0,663,752,27,431,603
0,241,375,300,391,302
0,294,555,217,1010,841
0,713,420,920,74,15
0,701,155,418,313,792
0,971,37,888,222,840
0,561,505,8,542,795
0,506,524,300,774,351
0,172,202,215,658,864
0,93,707,417,426,15
0,795,779,354,395,1014
0,771,100,342,920,765
0,427,331,413,851,792
0,775,58,702,644,600
1,653,796,963,613,556
0,820,913,467,302,18
0,406,285,761,370,314
0,517,578,433,200,274
0,262,882,513,833,898
0,325,548,898,313,126
0,141,162,699,603,404
0,365,229,701,548,860
1,506,970,771,197,998
0,718,241,421,325,74
0,917,335,85,1,942
0,889,701,173,631,861
0,129,182,435,947,769
0,958,285,363,962,52
0,236,179,954,644,927
0,585,326,779,730,268
0,631,744,296,250,595
0,537,1004,828,317,592
0,426,315,331,208,1
1,190,83,454,592,991
0,296,203,785,728,325
0,816,779,910,790,114
0,743,219,117,513,503
0,718,910,526,936,544
0,233,687,216,731,898
1,62,923,943,339,813
0,991,778,699,721,499
0,1,215,227,60,12
0,771,515,674,358,78
0,366,246,4,389,293
0,210,145,249,170,335
0,710,943,58,395,439
0,744,3,175,691,506
0,270,978,120,75,218
0,33,473,772,742,606
0,468,864,416,684,125
0,10,699,933,726,656
0,190,331,751,384,902
0,363,451,639,478,118
0,982,507,506,614,269
1,736,525,671,491,984
1,528,390,936,349,958
0,616,729,40,780,946
0,210,500,880,976,66
0,708,16,601,441,612
1,930,107,912,550,937
0,356,338,764,520,651
0,525,257,873,397,634
0,325,996,96,722,302
0,506,581,560,149,472
0,263,169,736,768,705
0,821,593,42,877,762
0,459,704,207,267,233
0,974,102,704,297,621
0,194,399,627,684,539
0,658,606,1016,774,351
0,879,615,743,463,126
0,912,441,492,466,403
0,239,513,127,409,15
0,912,432,936,722,313
0,912,723,154,376,94
0,312,193,713,602,939
0,72,866,324,6,405
0,462,991,762,732,506
0,823,788,798,801,180
0,514,798,66,878,890
0,756,8,95,67,309
1,571,868,639,942,937
0,531,513,960,339,460
0,175,89,396,292,680
0,210,535,32,943,21
0,919,970,281,426,1011
0,225,564,893,796,403
0,894,332,953,486,416
0,646,952,506,133,521
0,275,61,704,276,460
0,76,98,385,305,548
0,877,494,923,762,224
0,396,52,85,177,731
0,308,688,406,902,494
0,549,266,755,597,417
0,880,494,881,670,110
0,614,645,686,39,738
0,27,597,794,901,503
0,806,169,377,676,407
0,367,194,478,353,680
0,636,632,315,382,860
0,462,866,512,164,761
0,653,26,375,873,572
0,924,424,249,353,903
0,686,527,877,499,187
0,73,311,949,303,131
0,681,673,245,772,973
0,59,111,536,142,326
1,471,470,941,397,954
0,695,344,215,275,985
0,83,936,182,811,15
0,891,685,369,491,822
1,952,789,1019,138,890
0,819,388,889,427,51
0,128,685,588,11,829
0,618,102,705,706,883
0,643,583,521,275,156
0,710,555,394,441,682
0,63,683,947,23,66
0,369,335,986,208,922
0,618,796,493,784,694
0,991,319,88,906,444
0,873,360,701,200,521
0,897,633,8,250,159
0,301,362,655,523,922
0,562,193,226,117,566
0,278,687,182,368,474
0,937,121,369,815,655
0,162,820,913,150,634
0,1011,266,900,336,503
0,797,859,74,409,496
0,799,967,995,947,180
0,728,587,685,352,536
0,875,573,228,758,115
0,769,275,123,957,164
0,916,222,886,518,829
0,771,675,71,774,688
0,128,936,816,873,391
1,832,709,913,3,679
0,898,946,223,408,309
0,532,952,474,274,167
0,467,591,111,853,41
0,690,86,686,397,15
0,751,285,447,22,433
0,403,68,47,301,642
0,823,779,772,947,418
0,900,424,979,265,565
0,59,379,483,211,15
0,587,883,253,776,859
0,802,301,541,776,986
0,882,996,928,471,210
0,634,513,807,362,94
0,488,386,207,771,722
1,669,707,975,365,897
0,778,683,238,336,617
1,239,991,733,394,955
0,368,355,985,771,756
0,649,961,305,700,161
0,795,741,47,1001,928
0,797,786,195,337,970
0,442,534,716,557,826
1,887,836,714,862,735
0,465,177,191,797,553
0,199,319,375,263,34
0,637,687,707,928,7
0,346,236,570,633,1023
0,275,198,674,200,884
0,795,646,416,321,551
0,137,91,409,410,592
0,718,825,40,227,121
0,937,815,412,721,389
0,766,566,225,516,59
0,499,317,957,179,889
0,493,991,867,624,7
0,880,51,980,368,502
0,722,202,334,267,315
0,177,30,697,803,836
0,938,309,363,1001,157
0,400,172,310,611,161
0,735,182,689,499,15
0,748,441,83,589,215
0,805,236,352,520,204
0,133,232,338,488,499
0,565,111,871,440,367
0,352,473,436,776,98
0,743,690,599,251,520
0,349,627,475,688,446
0,589,405,74,435,532
0,265,162,189,671,769
1,835,921,923,337,521
0,333,452,414,24,292
1,430,273,851,358,890
0,546,86,217,474,746
0,51,303,388,28,708
0,262,569,340,828,763
0,885,337,83,924,946
1,753,882,1019,779,717
0,753,562,746,389,847
0,925,590,81,796,1004
1,835,946,634,204,885
0,961,346,723,920,521
0,820,858,195,107,573
0,1008,1020,390,852,448
0,354,366,749,194,410
0,93,353,401,1016,544
0,70,842,996,37,688
0,45,789,181,362,594
0,711,45,788,340,453
0,976,466,268,950,383
0,900,589,222,959,640
0,114,337,1021,743,763
0,78,699,999,647,466
0,39,1015,310,774,384
0,544,9,634,16,748
0,618,198,305,311,541
0,670,66,661,275,554
0,853,365,73,214,297
0,524,118,85,920,111
0,370,626,606,357,732
0,499,405,634,110,91
0,228,282,518,196,713
0,179,476,981,762,521
0,287,27,381,633,553
0,2,329,957,611,733
0,777,314,724,570,835
0,467,693,447,472,453
0,784,701,268,821,257
0,952,712,606,726,523
0,525,749,179,302,983
0,207,914,856,91,591
0,208,597,788,816,876
0,448,592,42,264,692
0,208,821,254,806,407
0,390,850,729,26,969
0,920,349,702,17,937
0,875,859,326,936,104
0,1023,577,245,107,574
0,93,441,409,24,177
0,448,257,54,489,559
0,282,379,447,162,262
0,448,120,979,142,565
0,415,593,207,301,717
1,702,511,935,283,900
0,853,513,920,715,27
0,462,72,410,823,672
1,900,946,943,959,800
0,580,56,1019,779,298
0,795,996,74,241,157
0,517,836,529,142,436
0,816,394,102,245,111
0,986,525,876,80,521
0,226,992,475,354,819
0,311,235,65,75,273
0,880,524,907,914,511
0,234,49,276,109,1003
0,83,232,954,252,157
0,641,780,296,920,157
1,867,970,628,810,656
0,380,120,593,589,456
1,682,1016,872,839,929
0,430,142,133,776,84
0,1005,836,393,1021,633
0,643,21,807,958,307
0,234,30,261,389,352
0,153,459,405,110,265
0,157,198,288,269,828
0,14,680,509,920,351
0,501,190,24,967,936
0,432,690,754,245,956
0,401,67,770,982,1006
0,173,17,203,225,661
0,225,55,841,857,15
0,157,1004,407,119,665
0,602,889,133,852,461
0,154,991,330,837,410
1,831,903,552,989,753
0,893,17,975,700,454
0,612,321,213,227,735
0,887,954,593,815,569
0,948,98,281,665,860
0,995,424,609,469,417
0,164,3,714,426,127
0,643,346,366,186,700
1,725,663,752,546,891
0,831,198,877,264,843
0,746,640,990,731,425
0,948,694,500,631,473
0,331,550,74,211,364
0,939,174,505,333,566
0,137,722,4,697,818
0,298,50,977,1021,472
0,733,478,202,211,195
0,77,809,323,670,224
0,898,162,712,227,982
0,357,408,139,404,749
0,380,305,535,548,283
0,557,250,873,785,121
0,106,448,822,966,202
0,757,699,986,728,224
0,766,296,562,34,1020
0,989,744,554,381,779
0,816,318,291,897,294
0,809,338,70,731,975
0,987,752,18,362,331
0,974,296,751,35,962
0,349,580,798,479,183
0,972,595,872,248,173
0,377,857,873,260,585
0,142,568,482,849,859
0,746,687,396,335,593
0,589,789,618,653,339
0,278,490,593,873,652
0,427,707,326,411,81
0,166,317,416,269,902
0,230,526,547,790,928
0,70,192,556,142,374
0,93,936,788,293,426
0,139,883,248,379,530
0,85,577,214,147,325
0,300,238,641,455,298
1,634,899,964,611,521
0,556,26,344,283,546
0,282,115,685,790,706
0,529,179,888,958,157
0,346,17,604,959,694
0,757,950,795,189,496
0,78,281,689,867,73
0,33,56,283,368,265
0,457,740,101,380,217
0,632,21,381,706,864
0,546,130,983,735,304
0,412,353,661,773,121
0,586,6,74,896,551
0,769,234,118,373,43
0,36,539,1,393,1011
0,458,478,581,242,222
0,702,612,709,295,91
0,120,231,752,478,732
0,397,92,922,389,150
0,681,399,981,520,246
0,412,530,996,576,81
0,791,957,410,550,724
0,813,691,634,729,502
0,463,203,734,678,952
0,524,146,752,801,570
0,134,299,488,471,975
0,545,601,52,474,146
1,875,771,925,646,761
0,939,273,354,410,558
0,282,699,261,847,323
0,97,228,405,595,50
0,724,709,93,864,734
0,889,882,258,157,879
0,412,886,47,774,389
0,68,622,518,865,525
0,383,61,276,756,15
0,273,505,663,559,430
0,929,335,482,1019,603
0,276,110,955,609,665
0,278,296,415,75,573
0,619,574,908,211,161
0,225,796,697,63,600
0,336,365,381,394,991
0,296,778,81,818,678
0,831,842,293,318,215
0,834,507,705,549,314
0,277,583,916,360,832
0,363,150,390,178,462
0,324,235,179,288,732
0,778,21,520,693,819
0,370,656,105,389,731
0,976,262,453,260,603
0,701,233,253,702,947
0,947,588,335,772,655
0,864,460,79,897,806
0,81,751,747,735,575
0,632,470,746,382,937
0,821,405,526,839,151
0,958,555,570,60,367
0,73,458,588,110,296
0,668,33,175,980,41
0,221,10,17,551,169
0,593,87,736,475,932
0,561,332,291,117,410
0,396,59,320,540,267
0,134,567,612,388,111
0,359,714,291,726,851
0,894,752,186,200,519
0,103,319,845,723,405
0,972,66,701,264,224
0,427,591,397,445,483
0,73,444,363,302,644
0,231,663,74,819,119
0,642,620,8,24,271
0,39,420,764,99,570
0,555,68,417,267,408
0,539,837,996,873,56
0,471,882,488,381,927
0,416,93,975,889,77
0,379,937,340,27,641
0,396,701,536,528,748
0,948,113,635,610,881
0,3,772,217,989,909
0,556,706,72,897,609
0,788,87,142,520,547
0,171,189,750,554,631
0,716,901,342,758,628
0,440,572,452,377,546
0,820,725,233,252,224
0,746,67,779,383,733
0,762,377,344,726,650
0,29,246,284,514,351
0,224,45,685,371,884
0,540,1011,749,555,72
0,991,194,66,353,99
0,825,179,291,621,555
0,819,505,172,752,174
0,788,278,363,829,63
0,862,699,547,373,550
0,432,120,63,54,572
0,960,290,431,953,247
0,576,991,605,75,314
0,199,591,364,308,247
0,778,273,570,179,78
0,162,17,851,576,636
0,282,828,174,623,846
0,267,967,111,93,283
0,502,381,563,251,279
0,580,515,111,899,268
0,805,535,793,93,645
1,574,999,662,551,1011
0,30,405,207,875,729
0,209,335,202,85,550
0,224,555,982,855,224
0,580,80,128,373,771
0,212,43,1001,998,541
0,602,701,824,670,707
0,530,963,595,866,271
0,696,394,268,60,606
1,657,996,941,785,969
0,124,696,323,943,759
1,189,299,876,155,885
0,78,691,876,999,819
0,498,84,958,337,889
1,771,845,822,681,975
0,446,370,352,735,888
0,490,632,416,774,878
1,852,946,585,642,762
0,903,84,783,844,584
0,748,98,979,755,658
1,533,185,158,438,223
0,204,535,404,885,111
0,37,193,634,387,769
0,506,996,454,670,609
0,653,670,227,200,603
0,137,962,150,350,506
0,809,712,996,678,134
0,600,664,629,919,273
0,250,194,484,274,792
0,618,688,157,729,353
0,319,174,1012,507,622
0,636,789,392,331,59
1,385,837,990,866,909
0,890,67,506,92,1011
0,83,632,249,355,872
0,431,506,771,762,812
0,275,963,868,446,62
0,8,860,437,520,506
0,517,112,795,339,224
0,495,209,440,852,797
0,750,470,851,153,554
0,104,726,978,208,859
0,309,680,513,218,449
1,920,882,873,299,693
0,438,396,36,382,216
0,654,683,74,771,539
0,340,329,984,835,40
0,428,731,56,395,300
0,873,21,535,164,15
0,390,28,774,622,446
0,301,364,870,596,795
0,306,731,180,259,474
0,406,810,54,718,928
1,819,650,811,703,1003
0,124,779,852,688,224
0,766,62,733,516,66
0,29,525,62,252,565
0,370,197,765,150,577
0,518,46,416,612,180
0,823,970,482,395,732
1,778,466,872,857,874
0,725,951,68,930,335
1,653,632,844,300,913
0,890,881,774,304,247
0,156,299,217,928,328
0,387,278,74,376,573
0,312,961,702,1001,674
0,97,429,522,548,62
0,391,120,64,544,654
0,412,87,182,414,192
0,871,81,76,492,45
0,735,506,718,905,762
0,283,96,386,456,334
1,846,268,930,921,722
1,459,1014,1021,758,455
0,397,91,98,742,15
0,912,479,634,456,591
0,265,900,671,445,973
0,390,513,224,633,273
0,378,991,801,931,106
0,358,797,65,291,335
0,636,750,935,909,29
0,670,429,769,592,351
0,403,332,588,519,121
1,221,884,950,493,898
0,518,798,733,545,648
0,488,433,977,953,112
0,118,731,603,252,352
0,712,820,635,440,265
0,991,179,775,252,752
0,653,87,556,204,97
0,682,134,634,808,7
0,391,513,629,855,949
0,1010,446,424,866,352
0,525,588,520,712,454
0,653,820,979,762,169
0,559,169,678,422,978
0,948,696,805,382,349
0,336,271,91,107,21
0,848,699,618,133,15
0,220,456,581,966,73
0,939,10,960,776,29
0,438,820,869,936,57
1,1011,732,704,106,991
0,279,37,699,550,843
0,825,578,446,566,643
1,805,592,964,269,734
0,355,856,794,35,732
0,774,798,975,588,333
0,284,61,92,965,25
0,735,568,627,492,50
1,294,975,770,811,991
0,980,287,361,394,351
0,855,233,296,928,948
0,103,675,444,1020,464
0,1003,185,155,332,99
0,412,332,404,989,874
0,377,416,999,350,317
0,162,159,417,848,270
0,974,7,13,74,595
0,891,490,505,338,771
0,739,424,799,855,553
0,834,494,372,746,183
0,498,343,1,911,347
0,627,107,416,811,542
0,446,913,392,902,458
0,886,661,784,24,384
0,122,818,53,565,443
0,297,311,29,904,167
0,605,883,667,39,854
0,898,940,320,23,409
0,3,971,734,0,631
0,605,654,560,931,715
0,580,697,74,557,925
0,619,1018,812,17,296
0,461,690,89,310,462
0,36,494,928,902,626
0,736,913,66,518,967
0,974,530,333,172,421
0,195,236,520,528,572
0,751,533,160,947,723
0,1004,365,33,117,677
0,598,267,824,106,257
0,93,506,68,107,1008
0,304,350,960,223,185
0,265,229,523,482,247
0,834,308,181,965,307
0,522,847,128,117,554
0,62,218,923,337,288
0,899,873,416,491,262
0,495,187,791,909,623
0,1005,710,641,38,507
0,143,394,226,211,1023
0,563,992,957,490,269
0,56,193,87,895,572
0,86,8,348,699,497
1,948,914,932,833,912
0,371,134,121,908,549
0,868,525,686,301,454
1,840,918,749,67,773
0,832,608,457,726,290
0,157,975,877,576,628
0,414,573,736,251,603
0,825,282,261,775,732
0,876,983,93,312,421
0,495,81,593,690,600
0,524,18,153,219,656
0,988,405,40,991,509
0,682,9,217,114,732
0,718,974,217,307,565
0,23,938,268,671,706
0,891,109,120,964,98
0,142,814,872,41,568
0,252,590,394,38,353
1,957,886,962,119,478
0,397,103,59,779,427
0,816,701,530,999,639
0,797,833,940,414,456
0,788,652,406,138,793
0,728,285,691,980,731
0,802,347,861,886,435
0,370,379,268,852,700
0,754,10,960,589,752
0,352,115,807,707,536
0,103,967,101,391,935
0,363,230,671,945,114
0,750,309,331,420,952
0,637,691,795,117,460
0,894,388,406,155,694
0,663,606,107,905,617
0,809,469,305,674,769
0,1009,462,495,1,997
0,476,142,733,265,227
0,218,394,981,268,197
0,695,309,757,109,351
0,501,37,82,157,617
0,991,119,447,230,903
0,764,951,229,405,783
0,555,866,417,562,644
0,141,429,699,646,618
0,209,699,17,29,293
0,986,317,194,278,891
0,766,924,482,857,271
0,525,656,827,742,579
0,343,120,278,370,503
0,972,617,907,765,45
0,70,820,960,834,400
0,612,444,477,592,156
0,454,38,966,457,762
1,452,599,990,953,879
0,356,514,967,549,28
0,412,38,593,711,12
0,542,519,736,525,308
0,972,360,64,571,806
0,97,946,441,379,251
0,804,173,437,719,783
0,153,924,626,260,265
0,795,142,425,241,846
0,273,842,445,200,189
0,18,707,81,287,376
0,744,638,1018,236,124
0,368,268,636,320,288
0,823,889,414,966,530
1,485,877,769,370,873
0,948,820,38,752,676
0,256,201,1008,97,808
0,29,267,1020,454,501
0,301,778,350,147,617
0,235,356,996,277,763
0,960,671,311,6,92
0,306,494,911,196,94
0,280,687,787,210,970
0,618,701,940,63,170
0,854,558,311,323,926
0,744,652,418,631,121
0,162,479,729,670,62
0,686,591,416,775,318
0,34,1001,392,508,751
0,363,140,604,410,214
0,654,719,634,611,827
0,580,314,536,263,739
1,640,950,670,889,725
0,239,553,661,670,1007
0,562,232,395,12,417
1,997,956,939,428,347
0,362,637,689,1001,937
0,900,153,943,727,365
0,845,687,790,390,139
0,93,986,984,434,151
0,498,401,111,897,15
0,819,996,581,327,251
0,12,72,627,410,959
0,143,555,433,774,600
0,832,696,340,378,278
0,920,931,274,51,391
0,636,645,753,546,224
0,36,986,717,4,860
0,618,112,801,150,290
0,278,337,587,678,542
0,216,810,66,119,225
0,55,159,709,164,767
0,534,575,268,732,514
0,76,936,62,491,114
0,2,329,15,122,191
0,217,923,881,410,269
0,258,369,637,241,67
0,728,615,506,550,806
0,355,986,398,671,720
0,643,169,699,255,213
0,93,463,168,706,289
0,922,698,225,850,573
0,401,299,445,551,792
0,732,184,791,404,506
0,1005,710,342,739,941
0,65,812,634,696,573
0,268,505,522,874,861
0,919,47,990,266,569
0,825,215,990,15,579
0,632,111,852,971,909
0,818,357,659,425,473
0,320,842,283,908,806
0,793,575,652,473,91
0,659,424,593,653,92
0,379,187,215,835,656
1,771,75,392,1022,712
0,320,731,435,617,290
0,493,778,526,73,536
1,905,882,911,915,449
0,705,564,969,964,376
0,324,682,877,227,25
0,377,772,111,570,368
0,106,754,484,90,589
0,581,847,794,117,698
0,218,699,290,713,973
0,179,321,231,681,634
0,128,350,191,660,576
0,249,198,333,230,290
0,8,637,372,670,702
0,171,967,372,145,64
0,860,778,816,222,435
0,529,899,195,313,771
0,924,946,217,562,75
0,549,507,822,153,435
0,896,100,819,570,290
1,778,526,801,618,894
0,368,591,824,669,368
0,532,807,181,981,389
0,40,215,846,63,609
0,22,119,652,603,270
0,708,18,1021,714,224
1,722,861,854,118,792
0,59,229,1013,36,698
0,499,157,872,557,602
0,589,952,787,1011,475
0,567,442,584,108,410
0,1008,842,509,233,384
0,997,425,36,302,901
0,207,102,706,905,224
0,138,961,454,401,403
0,200,244,913,17,894
0,49,696,31,300,45
0,582,699,405,121,94
0,532,368,757,114,458
0,655,817,664,909,313
0,997,508,689,433,114
0,805,888,641,124,423
0,618,694,232,895,800
0,855,334,417,716,356
0,556,952,747,805,546
0,873,614,754,6,639
1,208,446,520,958,961
1,821,824,981,279,572
0,232,198,779,237,351
0,938,96,448,887,710
0,728,983,483,236,444
0,978,246,458,870,765
0,919,928,417,474,320
0,949,648,271,155,755
0,153,307,436,999,762
0,526,162,687,633,990
0,86,731,139,327,694
0,234,574,404,726,487
0,412,936,195,1017,715
0,900,291,5,811,217
0,525,877,955,853,405
0,634,952,587,266,645
0,983,555,867,585,335
0,93,36,380,982,936
0,29,602,486,545,438
0,51,14,689,951,832
0,889,288,232,141,383
0,367,597,981,906,382
0,569,332,388,833,169
0,157,543,635,623,898
0,114,798,181,416,800
0,717,501,743,730,346
0,490,839,661,737,572
0,273,134,169,928,184
0,93,115,492,353,117
0,427,534,440,79,932
0,529,723,613,897,565
0,669,88,844,167,454
0,8,950,40,196,1019
0,995,198,187,797,593
0,236,696,673,117,968
0,853,18,375,821,187
0,359,580,391,762,403
0,642,649,195,905,569
0,969,182,393,354,15
0,379,632,445,958,819
0,771,774,790,717,577
0,212,691,898,596,325
0,220,232,287,281,337
1,605,3,981,706,973
0,541,319,372,873,795
0,240,157,431,295,298
0,355,820,82,873,576
0,297,749,447,764,949
0,191,808,980,60,529
0,369,309,215,901,710
0,409,938,723,870,692
1,868,890,787,612,485
0,889,642,943,394,314
0,84,687,204,739,325
0,502,45,847,123,48
0,880,416,541,897,576
0,952,679,929,51,334
0,161,707,964,963,227
0,150,245,305,729,421
0,415,523,102,297,878
0,853,362,417,492,294
1,848,545,913,889,642
0,924,185,381,811,702
0,860,562,795,817,682
0,671,408,62,454,506
0,250,967,333,197,89
0,362,845,946,34,157
0,204,532,74,771,197
0,860,292,62,434,734
0,862,488,686,142,332
0,1,590,552,155,915
0,45,476,305,671,958
0,387,900,122,819,756
0,845,723,691,2,439
1,500,388,925,735,875
0,938,663,648,77,473
0,218,285,334,373,355
0,270,421,904,350,737
0,49,461,203,245,466
1,947,991,345,571,968
0,234,211,984,158,898
0,919,285,531,731,919
0,273,673,552,542,326
1,407,677,996,329,820
0,111,970,273,625,505
0,467,752,588,1014,898
0,324,857,535,823,865
0,609,120,686,397,21
0,612,899,179,266,810
0,320,867,166,44,842
0,441,44,753,269,300
0,645,401,914,774,293
0,846,119,203,618,563
0,498,257,450,428,975
0,396,274,609,194,267
0,566,649,770,58,752
0,944,298,733,2,126
0,83,390,697,872,99
0,479,21,375,886,506
0,309,541,593,693,984
0,609,766,340,663,382
0,618,285,954,809,159
0,732,991,81,471,95
0,53,285,571,676,81
0,114,1019,225,63,576
0,641,741,1021,703,47
0,670,581,921,390,119
1,93,966,744,595,944
0,836,484,375,445,756
0,759,867,386,15,893
0,412,314,526,695,853
0,51,287,61,853,290
0,524,566,179,859,577
0,501,642,42,308,328
0,12,233,919,459,600
0,506,969,652,307,110
1,816,70,482,982,557
0,997,18,331,255,905
1,922,794,895,329,967
0,273,548,191,850,1011
0,554,801,844,319,585
0,832,820,128,278,832
0,72,46,629,252,352
1,645,991,833,304,690
0,589,42,635,164,557
0,957,111,393,870,337
0,682,129,741,71,570
0,93,390,982,491,507
0,853,637,8,930,960
0,516,816,244,548,621
0,744,472,416,443,379
0,846,640,1006,420,325
0,502,1006,253,943,192
0,167,388,1021,853,565
0,43,537,336,307,689
0,764,948,667,1016,247
0,686,5,671,371,842
0,144,9,819,909,15
0,400,989,941,721,521
0,235,263,426,746,381
1,686,43,488,758,426
0,247,311,692,117,603
0,27,663,520,234,854
0,841,954,536,219,658
1,686,991,795,823,843
0,559,395,876,287,213
0,74,233,697,847,975
0,605,799,871,349,316
0,306,164,124,373,754
0,101,656,452,295,425
1,299,90,1007,706,810
0,130,26,308,554,969
0,261,921,128,337,784
0,448,515,321,345,43
0,1018,228,39,3,603
0,46,725,284,829,1000
0,852,169,648,953,254
0,518,119,424,241,403
0,835,615,342,576,698
0,97,564,560,30,496
0,567,338,739,275,1011
0,821,246,599,927,820
0,86,991,482,471,187
0,948,78,133,479,330
0,930,197,482,404,51
0,866,330,953,379,472
0,820,942,158,175,815
0,282,850,999,227,618
0,340,797,661,717,134
0,810,305,719,557,879
0,450,588,552,861,725
1,695,607,914,653,982
0,182,525,405,487,264
0,114,947,320,712,157
0,559,381,975,113,739
0,40,120,389,561,283
0,268,117,51,206,573
0,306,789,873,747,578
0,239,565,343,24,853
0,589,519,82,542,891
0,534,693,973,486,115
0,93,620,634,633,591
0,273,299,678,735,157
0,64,3,817,762,725
0,765,657,543,715,551
0,304,699,192,267,134
0,498,232,407,735,692
0,614,821,404,923,521
0,569,494,855,991,174
0,862,401,812,630,687
0,4,19,526,209,83
0,501,506,311,833,157
0,320,530,928,362,406
0,377,525,468,715,665
0,916,169,682,651,981
0,503,506,70,779,756
0,2,952,433,616,365
0,362,951,757,248,708
0,7,394,409,333,373
0,468,590,431,721,304
0,423,931,586,58,126
0,764,317,851,801,185
0,770,77,276,60,322
0,175,849,381,697,138
0,101,511,431,868,971
0,695,28,363,440,819
0,63,198,66,117,466
1,704,618,982,423,890
0,232,581,876,257,183
0,681,275,671,471,557
